{"accuracy": 0.99213217938631, "sensitivity": 0.9885527391659853, "specificity": 0.9954510993176648, "precision": 0.9922558076790682, "f1": 0.9921189877828809}