{"accuracy": 0.8945712037765539, "sensitivity": 0.874897792313982, "specificity": 0.9128127369219106, "precision": 0.8951024380536614, "f1": 0.894277421052893}