{"accuracy": 0.8676789587852495, "sensitivity": 0.7857142857142857, "specificity": 0.9451476793248945, "precision": 0.8773731714908185, "f1": 0.8662287065270649}