{"accuracy": 0.8785249457700651, "sensitivity": 0.8035714285714286, "specificity": 0.9493670886075949, "precision": 0.8869656133828996, "f1": 0.877356339312861}