{"accuracy": 0.8611713665943601, "sensitivity": 0.7723214285714286, "specificity": 0.9451476793248945, "precision": 0.8723264907135875, "f1": 0.8594512195121953}