{"accuracy": 0.8926042486231314, "sensitivity": 0.8699918233851186, "specificity": 0.913570887035633, "precision": 0.8933284457478006, "f1": 0.8922728028435165}