{"accuracy": 0.99213217938631, "sensitivity": 0.9877350776778414, "specificity": 0.9962092494313874, "precision": 0.992295653371396, "f1": 0.992118474642696}