{"accuracy": 0.99213217938631, "sensitivity": 0.9844644317252658, "specificity": 0.9992418498862775, "precision": 0.9924796022556228, "f1": 0.9921163236140609}