{"accuracy": 0.8977183320220299, "sensitivity": 0.8789860997547015, "specificity": 0.9150871872630781, "precision": 0.898209694818094, "f1": 0.8974417861254993}