{"accuracy": 0.9040125885129819, "sensitivity": 0.8879803761242846, "specificity": 0.9188779378316907, "precision": 0.9043767169124066, "f1": 0.9037761748264941}