{"accuracy": 0.992918961447679, "sensitivity": 0.9910057236304171, "specificity": 0.9946929492039424, "precision": 0.9929715756505866, "f1": 0.9929079860949657}