{"accuracy": 0.9008654602675059, "sensitivity": 0.8863450531479967, "specificity": 0.9143290371493555, "precision": 0.9011258008714476, "f1": 0.9006365870002233}