{"accuracy": 0.8850325379609545, "sensitivity": 0.8169642857142857, "specificity": 0.9493670886075949, "precision": 0.8921631000578369, "f1": 0.8840702799907001}