{"accuracy": 0.8720173535791758, "sensitivity": 0.8125, "specificity": 0.9282700421940928, "precision": 0.8771337604050788, "f1": 0.8711418108083779}