{"accuracy": 0.8655097613882863, "sensitivity": 0.78125, "specificity": 0.9451476793248945, "precision": 0.8756819421713038, "f1": 0.8639729678279078}