{"accuracy": 0.8828633405639913, "sensitivity": 0.8080357142857143, "specificity": 0.9535864978902954, "precision": 0.8914285161090458, "f1": 0.8817364700516874}