{"accuracy": 0.8698481561822126, "sensitivity": 0.7857142857142857, "specificity": 0.9493670886075949, "precision": 0.8801730184708908, "f1": 0.8683609366076528}