{"accuracy": 0.8941778127458694, "sensitivity": 0.8765331152902698, "specificity": 0.910538286580743, "precision": 0.8945769728009547, "f1": 0.89390458490862}