{"accuracy": 0.9933123524783635, "sensitivity": 0.9926410466067048, "specificity": 0.9939347990902199, "precision": 0.9933175866686506, "f1": 0.9933026003683927}