{"accuracy": 0.9016522423288749, "sensitivity": 0.8855273916598528, "specificity": 0.9166034874905231, "precision": 0.902007447694949, "f1": 0.90141001519108}