{"accuracy": 0.8850325379609545, "sensitivity": 0.8214285714285714, "specificity": 0.9451476793248945, "precision": 0.8912475003845562, "f1": 0.8841604202521323}