{"accuracy": 0.993705743509048, "sensitivity": 0.9926410466067048, "specificity": 0.9946929492039424, "precision": 0.9937269869139664, "f1": 0.9936963745474384}