{"accuracy": 0.99213217938631, "sensitivity": 0.9901880621422731, "specificity": 0.9939347990902199, "precision": 0.9921834744288747, "f1": 0.9921199845499618}