{"accuracy": 0.8953579858379229, "sensitivity": 0.8789860997547015, "specificity": 0.910538286580743, "precision": 0.8956893964483952, "f1": 0.895100256163309}